obs_date;name;hospitalized;uci;recovered;death;confirmed;confirmed_new;altas;fallecimientos;codigo_ine;Posicion;perc_exit;confirmedrecovered;confirmed_estimated
2020-03-18;Ávila; 24;  1;   1;  1;  42; 24;   1;  1; 5019;40.616092,-4.929031; 50,00000;  41;   71,42857
2020-03-18;Burgos; 67; 19;  11;  5; 165; 39;  11;  5; 9059;42.383333,-3.666667; 31,25000; 154;  357,14286
2020-03-18;León; 37;  7;   3;  4; 106; 31;   3;  4;24089;42.666667,-6.0; 57,14286; 103;  285,71429
2020-03-18;Palencia;  7;  1;   1;  0;   6; -1;   1;  0;34120;42.432128,-4.520647;  0,00000;   5;    0,00000
2020-03-18;Salamanca; 44;  4;   4;  8; 125; 60;   4;  8;37274;40.833333,-6.0; 66,66667; 121;  571,42857
2020-03-18;Segovia; 34;  5;   3;  6;  76; 43;   3;  6;40004;41.166667,-4.0; 66,66667;  73;  428,57143
2020-03-18;Soria; 15;  5;   4;  4;  40; 23;   4;  4;42173;41.666667,-2.666667; 50,00000;  36;  285,71429
2020-03-18;Valladolid; 38;  8;   0;  0;  82;  8;   0;  0;47186;41.583333,-4.666667;NA;  82;    0,00000
2020-03-18;Zamora; 15;  4;   0;  1;  26; 10;   0;  1;49275;41.75,-6.0;100,00000;  26;   71,42857
2020-03-19;Ávila; 25;  1;   2;  2;  59; 17;   2;  2; 5019;40.616092,-4.929031; 50,00000;  57;  142,85714
2020-03-19;Burgos; 72; 22;  14;  8; 187; 22;  14;  8; 9059;42.383333,-3.666667; 36,36364; 173;  571,42857
2020-03-19;León; 44;  8;   3;  5; 134; 28;   3;  5;24089;42.666667,-6.0; 62,50000; 131;  357,14286
2020-03-19;Palencia; 15;  1;   1;  0;  14;  8;   1;  0;34120;42.432128,-4.520647;  0,00000;  13;    0,00000
2020-03-19;Salamanca; 71;  5;   8; 12; 149; 24;   8; 12;37274;40.833333,-6.0; 60,00000; 141;  857,14286
2020-03-19;Segovia; 50;  6;   3;  7; 121; 45;   3;  7;40004;41.166667,-4.0; 70,00000; 118;  500,00000
2020-03-19;Soria; 23;  6;   4;  5;  58; 18;   4;  5;42173;41.666667,-2.666667; 55,55556;  54;  357,14286
2020-03-19;Valladolid; 55; 14;   1;  3; 115; 33;   1;  3;47186;41.583333,-4.666667; 75,00000; 114;  214,28571
2020-03-19;Zamora; 15;  6;   1;  1;  31;  5;   1;  1;49275;41.75,-6.0; 50,00000;  30;   71,42857
2020-03-20;Ávila; 40;  3;   4;  4;  63;  4;   4;  4; 5019;40.616092,-4.929031; 50,00000;  59;  285,71429
2020-03-20;Burgos; 91; 26;  21; 12; 208; 21;  21; 12; 9059;42.383333,-3.666667; 36,36364; 187;  857,14286
2020-03-20;León; 63;  7;   3;  5; 164; 30;   3;  5;24089;42.666667,-6.0; 62,50000; 161;  357,14286
2020-03-20;Palencia; 19;  3;   1;  0;  26; 12;   1;  0;34120;42.432128,-4.520647;  0,00000;  25;    0,00000
2020-03-20;Salamanca; 94;  7;  10; 13; 203; 54;  10; 13;37274;40.833333,-6.0; 56,52174; 193;  928,57143
2020-03-20;Segovia; 46;  9;   6; 10; 156; 35;   6; 10;40004;41.166667,-4.0; 62,50000; 150;  714,28571
2020-03-20;Soria; 29;  7;   4;  5;  80; 22;   4;  5;42173;41.666667,-2.666667; 55,55556;  76;  357,14286
2020-03-20;Valladolid; 76; 17;   3;  5; 201; 86;   3;  5;47186;41.583333,-4.666667; 62,50000; 198;  357,14286
2020-03-20;Zamora; 32;  6;   2;  1;  46; 15;   2;  1;49275;41.75,-6.0; 33,33333;  44;   71,42857
2020-03-21;Ávila; 49;  4;  14;  7; 114; 51;  14;  7; 5019;40.616092,-4.929031; 33,33333; 100;  500,00000
2020-03-21;Burgos;108; 28;  27; 14; 269; 61;  27; 14; 9059;42.383333,-3.666667; 34,14634; 242; 1000,00000
2020-03-21;León; 78; 12;   3;  7; 201; 37;   3;  7;24089;42.666667,-6.0; 70,00000; 198;  500,00000
2020-03-21;Palencia; 25;  5;   2;  0;  41; 15;   2;  0;34120;42.432128,-4.520647;  0,00000;  39;    0,00000
2020-03-21;Salamanca;121; 12;  13; 15; 265; 62;  13; 15;37274;40.833333,-6.0; 53,57143; 252; 1071,42857
2020-03-21;Segovia; 46;  9;   9; 13; 157;  1;   9; 13;40004;41.166667,-4.0; 59,09091; 148;  928,57143
2020-03-21;Soria; 39;  7;   5;  6; 119; 39;   5;  6;42173;41.666667,-2.666667; 54,54545; 114;  428,57143
2020-03-21;Valladolid;102; 21;  13; 10; 241; 40;  13; 10;47186;41.583333,-4.666667; 43,47826; 228;  714,28571
2020-03-21;Zamora; 35;  8;   3;  2;  59; 13;   3;  2;49275;41.75,-6.0; 40,00000;  56;  142,85714
2020-03-22;Ávila; 59;  4;  16;  9; 143; 29;  16;  9; 5019;40.616092,-4.929031; 36,00000; 127;  642,85714
2020-03-22;Burgos;123; 30;  28; 16; 302; 33;  28; 16; 9059;42.383333,-3.666667; 36,36364; 274; 1142,85714
2020-03-22;León;106; 15;  10; 14; 233; 32;  10; 14;24089;42.666667,-6.0; 58,33333; 223; 1000,00000
2020-03-22;Palencia; 30;  6;   2;  0;  50;  9;   2;  0;34120;42.432128,-4.520647;  0,00000;  48;    0,00000
2020-03-22;Salamanca;147; 14;  20; 21; 315; 50;  20; 21;37274;40.833333,-6.0; 51,21951; 295; 1500,00000
2020-03-22;Segovia; 79;  8;  14; 20; 194; 37;  14; 20;40004;41.166667,-4.0; 58,82353; 180; 1428,57143
2020-03-22;Soria; 39;  8;   8;  8; 135; 16;   8;  8;42173;41.666667,-2.666667; 50,00000; 127;  571,42857
2020-03-22;Valladolid;119; 24;  15; 11; 302; 61;  15; 11;47186;41.583333,-4.666667; 42,30769; 287;  785,71429
2020-03-22;Zamora; 38; 11;   4;  3;  70; 11;   4;  3;49275;41.75,-6.0; 42,85714;  66;  214,28571
2020-03-23;Ávila; 83;  4;  17; 10; 159; 16;  17; 10; 5019;40.616092,-4.929031; 37,03704; 142;  714,28571
2020-03-23;Burgos;141; 37;  29; 18; 336; 34;  29; 18; 9059;42.383333,-3.666667; 38,29787; 307; 1285,71429
2020-03-23;León;151; 18;  16; 20; 290; 57;  16; 20;24089;42.666667,-6.0; 55,55556; 274; 1428,57143
2020-03-23;Palencia; 49;  9;   2;  0;  64; 14;   2;  0;34120;42.432128,-4.520647;  0,00000;  62;    0,00000
2020-03-23;Salamanca;182; 15;  22; 24; 404; 89;  22; 24;37274;40.833333,-6.0; 52,17391; 382; 1714,28571
2020-03-23;Segovia; 72; 10;  24; 23; 223; 29;  24; 23;40004;41.166667,-4.0; 48,93617; 199; 1642,85714
2020-03-23;Soria; 37;  7;   8; 11; 140;  5;   8; 11;42173;41.666667,-2.666667; 57,89474; 132;  785,71429
2020-03-23;Valladolid;162; 27;  17; 14; 349; 47;  17; 14;47186;41.583333,-4.666667; 45,16129; 332; 1000,00000
2020-03-23;Zamora; 43; 10;   5;  4;  90; 20;   5;  4;49275;41.75,-6.0; 44,44444;  85;  285,71429
2020-03-24;Ávila; 89;  5;  23; 15; 201; 42;  23; 15; 5019;40.616092,-4.929031; 39,47368; 178; 1071,42857
2020-03-24;Burgos;166; 45;  41; 24; 392; 56;  41; 24; 9059;42.383333,-3.666667; 36,92308; 351; 1714,28571
2020-03-24;León;187; 21;  21; 24; 362; 72;  21; 24;24089;42.666667,-6.0; 53,33333; 341; 1714,28571
2020-03-24;Palencia; 42; 10;   5;  1;  72;  8;  13;  1;34120;42.432128,-4.520647; 16,66667;  67;   71,42857
2020-03-24;Salamanca;194; 22;  42; 38; 483; 79;  42; 38;37274;40.833333,-6.0; 47,50000; 441; 2714,28571
2020-03-24;Segovia; 81; 12;  32; 27; 261; 38;  32; 27;40004;41.166667,-4.0; 45,76271; 229; 1928,57143
2020-03-24;Soria; 53; 11;  14; 13; 179; 39;  14; 13;42173;41.666667,-2.666667; 48,14815; 165;  928,57143
2020-03-24;Valladolid;213; 34;  24; 17; 410; 61;  24; 17;47186;41.583333,-4.666667; 41,46341; 386; 1214,28571
2020-03-24;Zamora; 49; 10;  11;  6; 100; 10;  11;  7;49275;41.75,-6.0; 35,29412;  89;  428,57143
2020-03-25;Ávila; 88;  7;  36; 21; 226; 25;  36; 21; 5019;40.616092,-4.929031; 36,84211; 190; 1500,00000
2020-03-25;Burgos;193; 48;  55; 28; 485; 93;  55; 28; 9059;42.383333,-3.666667; 33,73494; 430; 2000,00000
2020-03-25;León;268; 28;  31; 31; 438; 76;  31; 31;24089;42.666667,-6.0; 50,00000; 407; 2214,28571
2020-03-25;Palencia; 56; 14;  11;  3;  91; 19;  11;  3;34120;42.432128,-4.520647; 21,42857;  80;  214,28571
2020-03-25;Salamanca;218; 27;  57; 46; 533; 50;  57; 46;37274;40.833333,-6.0; 44,66019; 476; 3285,71429
2020-03-25;Segovia; 90; 14;  47; 34; 300; 39;  47; 34;40004;41.166667,-4.0; 41,97531; 253; 2428,57143
2020-03-25;Soria; 61; 14;  19; 14; 263; 84;  19; 14;42173;41.666667,-2.666667; 42,42424; 244; 1000,00000
2020-03-25;Valladolid;290; 40;  36; 21; 501; 91;  36; 21;47186;41.583333,-4.666667; 36,84211; 465; 1500,00000
2020-03-25;Zamora; 49; 10;  16;  8; 103;  3;  16;  8;49275;41.75,-6.0; 33,33333;  87;  571,42857
2020-03-26;Ávila; 82;  7;  53; 27; 270; 44;  53; 27; 5019;40.616092,-4.929031; 33,75000; 217; 1928,57143
2020-03-26;Burgos;227; 48;  67; 32; 530; 45;  67; 32; 9059;42.383333,-3.666667; 32,32323; 463; 2285,71429
2020-03-26;León;298; 32;  48; 46; 516; 78;  48; 46;24089;42.666667,-6.0; 48,93617; 468; 3285,71429
2020-03-26;Palencia; 68; 14;  14;  5; 139; 48;  14;  5;34120;42.432128,-4.520647; 26,31579; 125;  357,14286
2020-03-26;Salamanca;245; 32;  73; 54; 629; 96;  73; 54;37274;40.833333,-6.0; 42,51969; 556; 3857,14286
2020-03-26;Segovia;181; 22;  62; 37; 361; 61;  62; 37;40004;41.166667,-4.0; 37,37374; 299; 2642,85714
2020-03-26;Soria; 80; 14;  32; 16; 339; 76;  32; 16;42173;41.666667,-2.666667; 33,33333; 307; 1142,85714
2020-03-26;Valladolid;332; 48;  50; 27; 598; 97;  50; 27;47186;41.583333,-4.666667; 35,06494; 548; 1928,57143
2020-03-26;Zamora; 50; 11;  24;  9; 106;  3;  24;  9;49275;41.75,-6.0; 27,27273;  82;  642,85714
2020-03-27;Ávila;137;  9;  63; 33; 342; 72;  63; 33; 5019;40.616092,-4.929031; 34,37500; 279; 2357,14286
2020-03-27;Burgos;243; 49;  95; 39; 604; 74;  95; 39; 9059;42.383333,-3.666667; 29,10448; 509; 2785,71429
2020-03-27;León;368; 34;  69; 55; 628;112;  69; 55;24089;42.666667,-6.0; 44,35484; 559; 3928,57143
2020-03-27;Palencia; 73; 14;  20;  9; 170; 31;  20;  9;34120;42.432128,-4.520647; 31,03448; 150;  642,85714
2020-03-27;Salamanca;273; 33;  97; 70; 776;147;  97; 70;37274;40.833333,-6.0; 41,91617; 679; 5000,00000
2020-03-27;Segovia;185; 25;  92; 44; 424; 63;  92; 44;40004;41.166667,-4.0; 32,35294; 332; 3142,85714
2020-03-27;Soria; 91; 13;  39; 20; 372; 33;  39; 20;42173;41.666667,-2.666667; 33,89831; 333; 1428,57143
2020-03-27;Valladolid;385; 60;  83; 39; 692; 94;  83; 39;47186;41.583333,-4.666667; 31,96721; 609; 2785,71429
2020-03-27;Zamora; 59; 12;  27; 12; 124; 18;  27; 12;49275;41.75,-6.0; 30,76923;  97;  857,14286
2020-03-28;Ávila;128; 11;  78; 38; 381; 39;  78; 38; 5019;40.616092,-4.929031; 32,75862; 303; 2714,28571
2020-03-28;Burgos;260; 49; 117; 42; 673; 69; 117; 42; 9059;42.383333,-3.666667; 26,41509; 556; 3000,00000
2020-03-28;León;407; 40;  99; 67; 726; 98;  99; 67;24089;42.666667,-6.0; 40,36145; 627; 4785,71429
2020-03-28;Palencia; 82; 14;  26; 11; 220; 50;  26; 11;34120;42.432128,-4.520647; 29,72973; 194;  785,71429
2020-03-28;Salamanca;341; 40; 131; 84; 882;106; 131; 84;37274;40.833333,-6.0; 39,06977; 751; 6000,00000
2020-03-28;Segovia;297; 22; 111; 51; 503; 79; 111; 51;40004;41.166667,-4.0; 31,48148; 392; 3642,85714
2020-03-28;Soria;105; 17;  49; 26; 431; 59;  49; 26;42173;41.666667,-2.666667; 34,66667; 382; 1857,14286
2020-03-28;Valladolid;423; 74; 114; 45; 807;115; 114; 45;47186;41.583333,-4.666667; 28,30189; 693; 3214,28571
2020-03-28;Zamora; 87; 11;  27; 16; 168; 44;  27; 16;49275;41.75,-6.0; 37,20930; 141; 1142,85714
2020-03-29;Ávila;133; 12;  82; 41; 414; 33;  82; 41; 5019;40.616092,-4.929031; 33,33333; 332; 2928,57143
2020-03-29;Burgos;274; 52; 137; 49; 719; 46; 137; 49; 9059;42.383333,-3.666667; 26,34409; 582; 3500,00000
2020-03-29;León;449; 44; 118; 77; 821; 95; 118; 77;24089;42.666667,-6.0; 39,48718; 703; 5500,00000
2020-03-29;Palencia;102; 17;  28; 13; 262; 42;  28; 13;34120;42.432128,-4.520647; 31,70732; 234;  928,57143
2020-03-29;Salamanca;333; 47; 157; 99;1030;148; 157; 99;37274;40.833333,-6.0; 38,67188; 873; 7071,42857
2020-03-29;Segovia;292; 23; 131; 58; 567; 64; 131; 58;40004;41.166667,-4.0; 30,68783; 436; 4142,85714
2020-03-29;Soria;120; 20;  61; 30; 523; 92;  61; 30;42173;41.666667,-2.666667; 32,96703; 462; 2142,85714
2020-03-29;Valladolid;434; 80; 127; 57; 886; 79; 127; 57;47186;41.583333,-4.666667; 30,97826; 759; 4071,42857
2020-03-29;Zamora; 96; 12;  30; 18; 192; 24;  30; 18;49275;41.75,-6.0; 37,50000; 162; 1285,71429
2020-03-30;Ávila;133; 12;  91; 46; 446; 32;  91; 46; 5019;40.616092,-4.929031; 33,57664; 355; 3285,71429
2020-03-30;Burgos;263; 52; 176; 61; 749; 30; 176; 61; 9059;42.383333,-3.666667; 25,73840; 573; 4357,14286
2020-03-30;León;461; 54; 139; 89; 918; 97; 139; 89;24089;42.666667,-6.0; 39,03509; 779; 6357,14286
2020-03-30;Palencia;112; 19;  33; 18; 293; 31;  33; 18;34120;42.432128,-4.520647; 35,29412; 260; 1285,71429
2020-03-30;Salamanca;319; 51; 181;110;1078; 48; 181;110;37274;40.833333,-6.0; 37,80069; 897; 7857,14286
2020-03-30;Segovia;312; 23; 156; 69; 629; 62; 156; 69;40004;41.166667,-4.0; 30,66667; 473; 4928,57143
2020-03-30;Soria;112; 19;  71; 37; 550; 27;  71; 37;42173;41.666667,-2.666667; 34,25926; 479; 2642,85714
2020-03-30;Valladolid;465; 82; 145; 66; 929; 43; 145; 66;47186;41.583333,-4.666667; 31,27962; 784; 4714,28571
2020-03-30;Zamora; 99; 14;  36; 20; 209; 17;  36; 20;49275;41.75,-6.0; 35,71429; 173; 1428,57143
2020-03-31;Ávila;144; 16; 111; 54; 467; 21; 111; 54; 5019;40.616092,-4.929031; 32,72727; 356; 3857,14286
2020-03-31;Burgos;250; 55; 215; 69; 790; 41; 215; 69; 9059;42.383333,-3.666667; 24,29577; 575; 4928,57143
2020-03-31;León;464; 55; 176;100; 964; 46; 176;100;24089;42.666667,-6.0; 36,23188; 788; 7142,85714
2020-03-31;Palencia;115; 21;  42; 18; 325; 32;  42; 18;34120;42.432128,-4.520647; 30,00000; 283; 1285,71429
2020-03-31;Salamanca;348; 53; 209;123;1185;107; 209;123;37274;40.833333,-6.0; 37,04819; 976; 8785,71429
2020-03-31;Segovia;310; 23; 189; 77; 720; 91; 189; 77;40004;41.166667,-4.0; 28,94737; 531; 5500,00000
2020-03-31;Soria;118; 19;  87; 44; 555;  5;  87; 44;42173;41.666667,-2.666667; 33,58779; 468; 3142,85714
2020-03-31;Valladolid;498; 89; 187; 77; 988; 59; 187; 77;47186;41.583333,-4.666667; 29,16667; 801; 5500,00000
2020-03-31;Zamora;100; 14;  43; 23; 217;  8;  43; 23;49275;41.75,-6.0; 34,84848; 174; 1642,85714
2020-04-01;Ávila;164; 17; 132; 59; 512; 45; 132; 59; 5019;40.616092,-4.929031; 30,89005; 380; 4214,28571
2020-04-01;Burgos;247; 55; 250; 77; 848; 58; 250; 77; 9059;42.383333,-3.666667; 23,54740; 598; 5500,00000
2020-04-01;León;474; 55; 216;108;1007; 43; 216;108;24089;42.666667,-6.0; 33,33333; 791; 7714,28571
2020-04-01;Palencia;120; 20;  52; 23; 359; 34;  52; 23;34120;42.432128,-4.520647; 30,66667; 307; 1642,85714
2020-04-01;Salamanca;351; 54; 235;135;1316;131; 235;135;37274;40.833333,-6.0; 36,48649;1081; 9642,85714
2020-04-01;Segovia;308; 23; 210; 81; 811; 91; 210; 81;40004;41.166667,-4.0; 27,83505; 601; 5785,71429
2020-04-01;Soria;148; 20;  90; 44; 659;104;  90; 44;42173;41.666667,-2.666667; 32,83582; 569; 3142,85714
2020-04-01;Valladolid;447; 95; 262; 89;1109;121; 262; 89;47186;41.583333,-4.666667; 25,35613; 847; 6357,14286
2020-04-01;Zamora; 97; 14;  51; 25; 226;  9;  51; 25;49275;41.75,-6.0; 32,89474; 175; 1785,71429
2020-04-02;Ávila;161; 16; 151; 64; 560; 48; 151; 64; 5019;40.616092,-4.929031; 29,76744; 409; 4571,42857
2020-04-02;Burgos;238; 55; 277; 86; 895; 47; 277; 86; 9059;42.383333,-3.666667; 23,69146; 618; 6142,85714
2020-04-02;León;458; 52; 276;127;1066; 59; 276;127;24089;42.666667,-6.0; 31,51365; 790; 9071,42857
2020-04-02;Palencia;129; 20;  59; 24; 383; 24;  59; 24;34120;42.432128,-4.520647; 28,91566; 324; 1714,28571
2020-04-02;Salamanca;358; 53; 272;155;1413; 97; 272;155;37274;40.833333,-6.0; 36,29977;1141;11071,42857
2020-04-02;Segovia;317; 24; 235; 88; 886; 75; 235; 88;40004;41.166667,-4.0; 27,24458; 651; 6285,71429
2020-04-02;Soria;154; 22;  95; 46; 686; 27;  95; 46;42173;41.666667,-2.666667; 32,62411; 591; 3285,71429
2020-04-02;Valladolid;442; 96; 333;105;1188; 79; 333;105;47186;41.583333,-4.666667; 23,97260; 855; 7500,00000
2020-04-02;Zamora;101; 15;  61; 28; 278; 52;  61; 28;49275;41.75,-6.0; 31,46067; 217; 2000,00000
2020-04-03;Ávila;176; 15; 170; 66; 590; 30; 170; 66; 5019;40.616092,-4.929031; 27,96610; 420; 4714,28571
2020-04-03;Burgos;239; 54; 296; 92; 940; 45; 296; 92; 9059;42.383333,-3.666667; 23,71134; 644; 6571,42857
2020-04-03;León;421; 49; 339;144;1125; 59; 339;144;24089;42.666667,-6.0; 29,81366; 786;10285,71429
2020-04-03;Palencia;104; 18;  85; 29; 427; 44;  85; 29;34120;42.432128,-4.520647; 25,43860; 342; 2071,42857
2020-04-03;Salamanca;382; 54; 301;167;1489; 76; 301;167;37274;40.833333,-6.0; 35,68376;1188;11928,57143
2020-04-03;Segovia;290; 24; 271; 95; 966; 80; 271; 95;40004;41.166667,-4.0; 25,95628; 695; 6785,71429
2020-04-03;Soria;155; 20; 111; 49; 752; 66; 111; 49;42173;41.666667,-2.666667; 30,62500; 641; 3500,00000
2020-04-03;Valladolid;446;103; 381;114;1290;102; 381;114;47186;41.583333,-4.666667; 23,03030; 909; 8142,85714
2020-04-03;Zamora;103; 11;  67; 30; 296; 18;  67; 30;49275;41.75,-6.0; 30,92784; 229; 2142,85714
2020-04-04;Ávila;178; 15; 205; 69; 638; 48; 205; 69; 5019;40.616092,-4.929031; 25,18248; 433; 4928,57143
2020-04-04;Burgos;231; 55; 323; 96; 964; 24; 323; 96; 9059;42.383333,-3.666667; 22,91169; 641; 6857,14286
2020-04-04;León;383; 50; 398;159;1204; 79; 398;159;24089;42.666667,-6.0; 28,54578; 806;11357,14286
2020-04-04;Palencia;109; 19; 104; 31; 452; 25; 104; 31;34120;42.432128,-4.520647; 22,96296; 348; 2214,28571
2020-04-04;Salamanca;372; 55; 332;178;1579; 90; 332;178;37274;40.833333,-6.0; 34,90196;1247;12714,28571
2020-04-04;Segovia;263; 23; 311;102;1051; 85; 311;102;40004;41.166667,-4.0; 24,69734; 740; 7285,71429
2020-04-04;Soria;137; 19; 136; 52; 769; 17; 136; 52;42173;41.666667,-2.666667; 27,65957; 633; 3714,28571
2020-04-04;Valladolid;438;103; 439;125;1352; 62; 439;125;47186;41.583333,-4.666667; 22,16312; 913; 8928,57143
2020-04-04;Zamora;112; 12;  83; 35; 323; 27;  83; 35;49275;41.75,-6.0; 29,66102; 240; 2500,00000
2020-04-05;Ávila;187; 15; 214; 73; 679; 41; 214; 73; 5019;40.616092,-4.929031; 25,43554; 465; 5214,28571
2020-04-05;Burgos;222; 53; 343;103; 985; 21; 343;103; 9059;42.383333,-3.666667; 23,09417; 642; 7357,14286
2020-04-05;León;348; 51; 452;175;1261; 57; 452;175;24089;42.666667,-6.0; 27,91069; 809;12500,00000
2020-04-05;Palencia;110; 19; 111; 36; 472; 20; 111; 36;34120;42.432128,-4.520647; 24,48980; 361; 2571,42857
2020-04-05;Salamanca;361; 56; 366;194;1659; 80; 366;194;37274;40.833333,-6.0; 34,64286;1293;13857,14286
2020-04-05;Segovia;241; 22; 340;107;1148; 97; 340;107;40004;41.166667,-4.0; 23,93736; 808; 7642,85714
2020-04-05;Soria;137; 20; 149; 61; 803; 34; 149; 61;42173;41.666667,-2.666667; 29,04762; 654; 4357,14286
2020-04-05;Valladolid;446;100; 465;133;1403; 51; 465;133;47186;41.583333,-4.666667; 22,24080; 938; 9500,00000
2020-04-05;Zamora;108; 12;  93; 37; 339; 16;  93; 37;49275;41.75,-6.0; 28,46154; 246; 2642,85714
2020-04-06;Ávila;197; 13; 225; 79; 732; 53; 225; 79; 5019;40.616092,-4.929031; 25,98684; 507; 5642,85714
2020-04-06;Burgos;221; 53; 360;113;1003; 18; 360;113; 9059;42.383333,-3.666667; 23,89006; 643; 8071,42857
2020-04-06;León;323; 50; 498;186;1315; 54; 498;186;24089;42.666667,-6.0; 27,19298; 817;13285,71429
2020-04-06;Palencia;118; 19; 114; 39; 486; 14; 114; 39;34120;42.432128,-4.520647; 25,49020; 372; 2785,71429
2020-04-06;Salamanca;352; 53; 402;209;1719; 60; 402;209;37274;40.833333,-6.0; 34,20622;1317;14928,57143
2020-04-06;Segovia;239; 22; 361;109;1252;104; 361;109;40004;41.166667,-4.0; 23,19149; 891; 7785,71429
2020-04-06;Soria;114; 21; 164; 64; 824; 21; 164; 64;42173;41.666667,-2.666667; 28,07018; 660; 4571,42857
2020-04-06;Valladolid;456;103; 487;145;1445; 42; 487;145;47186;41.583333,-4.666667; 22,94304; 958;10357,14286
2020-04-06;Zamora;103; 12; 100; 38; 340;  1; 100; 38;49275;41.75,-6.0; 27,53623; 240; 2714,28571
2020-04-07;Ávila;179; 13; 253; 83; 766; 34; 253; 83; 5019;40.616092,-4.929031; 24,70238; 513; 5928,57143
2020-04-07;Burgos;215; 53; 387;120;1024; 21; 387;120; 9059;42.383333,-3.666667; 23,66864; 637; 8571,42857
2020-04-07;León;282; 52; 564;196;1344; 29; 564;196;24089;42.666667,-6.0; 25,78947; 780;14000,00000
2020-04-07;Palencia;108; 18; 126; 41; 510; 24; 126; 41;34120;42.432128,-4.520647; 24,55090; 384; 2928,57143
2020-04-07;Salamanca;341; 50; 439;217;1807; 88; 439;217;37274;40.833333,-6.0; 33,07927;1368;15500,00000
2020-04-07;Segovia;228; 24; 387;115;1349; 97; 387;115;40004;41.166667,-4.0; 22,90837; 962; 8214,28571
2020-04-07;Soria;113; 21; 172; 64; 837; 13; 172; 64;42173;41.666667,-2.666667; 27,11864; 665; 4571,42857
2020-04-07;Valladolid;423; 99; 553;153;1602;157; 553;153;47186;41.583333,-4.666667; 21,67139;1049;10928,57143
2020-04-07;Zamora;103; 12; 107; 39; 342;  2; 107; 39;49275;41.75,-6.0; 26,71233; 235; 2785,71429
2020-04-08;Ávila;163; 13; 272; 85; 793; 27; 272; 85; 5019;40.616092,-4.929031; 23,80952; 521; 6071,42857
2020-04-08;Burgos;205; 53; 416;124;1053; 29; 416;124; 9059;42.383333,-3.666667; 22,96296; 637; 8857,14286
2020-04-08;León;275; 50; 620;210;1398; 54; 620;210;24089;42.666667,-6.0; 25,30120; 778;15000,00000
2020-04-08;Palencia;100; 18; 137; 41; 524; 14; 137; 41;34120;42.432128,-4.520647; 23,03371; 387; 2928,57143
2020-04-08;Salamanca;352; 44; 477;225;1915;108; 477;225;37274;40.833333,-6.0; 32,05128;1438;16071,42857
2020-04-08;Segovia;217; 24; 415;122;1480;131; 415;122;40004;41.166667,-4.0; 22,71881;1065; 8714,28571
2020-04-08;Soria;121; 23; 182; 66; 849; 12; 182; 66;42173;41.666667,-2.666667; 26,61290; 667; 4714,28571
2020-04-08;Valladolid;411;101; 604;162;1686; 84; 604;162;47186;41.583333,-4.666667; 21,14883;1082;11571,42857
2020-04-08;Zamora; 99; 12; 119; 43; 360; 18; 119; 43;49275;41.75,-6.0; 26,54321; 241; 3071,42857
2020-04-09;Ávila;156; 13; 297; 90; 825; 32; 297; 90; 5019;40.616092,-4.929031; 23,25581; 528; 6428,57143
2020-04-09;Burgos;202; 47; 441;129;1080; 27; 441;129; 9059;42.383333,-3.666667; 22,63158; 639; 9214,28571
2020-04-09;León;280; 53; 666;218;1455; 57; 666;218;24089;42.666667,-6.0; 24,66063; 789;15571,42857
2020-04-09;Palencia;105; 19; 153; 42; 545; 21; 153; 42;34120;42.432128,-4.520647; 21,53846; 392; 3000,00000
2020-04-09;Salamanca;341; 47; 507;231;1956; 41; 507;231;37274;40.833333,-6.0; 31,30081;1449;16500,00000
2020-04-09;Segovia;160; 21; 446;125;1571; 91; 446;125;40004;41.166667,-4.0; 21,89142;1125; 8928,57143
2020-04-09;Soria;108; 20; 203; 73; 872; 23; 203; 73;42173;41.666667,-2.666667; 26,44928; 669; 5214,28571
2020-04-09;Valladolid;390;100; 664;173;1846;160; 664;173;47186;41.583333,-4.666667; 20,66906;1182;12357,14286
2020-04-09;Zamora; 94; 12; 129; 48; 368;  8; 129; 48;49275;41.75,-6.0; 27,11864; 239; 3428,57143
2020-04-10;Ávila;134; 12; 325; 93; 859; 34; 325; 93; 5019;40.616092,-4.929031; 22,24880; 534; 6642,85714
2020-04-10;Burgos;185; 48; 470;132;1126; 46; 470;132; 9059;42.383333,-3.666667; 21,92691; 656; 9428,57143
2020-04-10;León;274; 53; 710;230;1513; 58; 710;230;24089;42.666667,-6.0; 24,46809; 803;16428,57143
2020-04-10;Palencia;102; 19; 162; 44; 592; 47; 162; 44;34120;42.432128,-4.520647; 21,35922; 430; 3142,85714
2020-04-10;Salamanca;322; 45; 542;236;2051; 95; 542;236;37274;40.833333,-6.0; 30,33419;1509;16857,14286
2020-04-10;Segovia;152; 21; 470;132;1672;101; 470;132;40004;41.166667,-4.0; 21,92691;1202; 9428,57143
2020-04-10;Soria;101; 20; 219; 80; 898; 26; 219; 80;42173;41.666667,-2.666667; 26,75585; 679; 5714,28571
2020-04-10;Valladolid;370; 97; 724;184;1985;139; 724;184;47186;41.583333,-4.666667; 20,26432;1261;13142,85714
2020-04-10;Zamora; 93; 12; 135; 49; 406; 38; 135; 49;49275;41.75,-6.0; 26,63043; 271; 3500,00000
2020-04-11;Ávila;126; 12; 347; 94; 897; 38; 347; 94; 5019;40.616092,-4.929031; 21,31519; 550; 6714,28571
2020-04-11;Burgos;184; 49; 492;136;1170; 44; 492;136; 9059;42.383333,-3.666667; 21,65605; 678; 9714,28571
2020-04-11;León;262; 51; 751;236;1538; 25; 751;236;24089;42.666667,-6.0; 23,91084; 787;16857,14286
2020-04-11;Palencia; 96; 21; 171; 46; 605; 13; 171; 46;34120;42.432128,-4.520647; 21,19816; 434; 3285,71429
2020-04-11;Salamanca;307; 43; 579;244;2115; 64; 579;244;37274;40.833333,-6.0; 29,64763;1536;17428,57143
2020-04-11;Segovia;140; 23; 490;139;1760; 88; 490;139;40004;41.166667,-4.0; 22,09857;1270; 9928,57143
2020-04-11;Soria;104; 20; 228; 80; 927; 29; 228; 80;42173;41.666667,-2.666667; 25,97403; 699; 5714,28571
2020-04-11;Valladolid;322; 92; 804;195;2123;138; 804;195;47186;41.583333,-4.666667; 19,51952;1319;13928,57143
2020-04-11;Zamora; 83; 12; 148; 51; 408;  2; 148; 51;49275;41.75,-6.0; 25,62814; 260; 3642,85714
2020-04-12;Ávila;128; 10; 350; 94; 917; 20; 350; 94; 5019;40.616092,-4.929031; 21,17117; 567; 6714,28571
2020-04-12;Burgos;181; 48; 509;140;1207; 37; 509;140; 9059;42.383333,-3.666667; 21,57165; 698;10000,00000
2020-04-12;León;272; 48; 781;245;1575; 37; 781;245;24089;42.666667,-6.0; 23,87914; 794;17500,00000
2020-04-12;Palencia; 96; 21; 174; 48; 620; 15; 174; 48;34120;42.432128,-4.520647; 21,62162; 446; 3428,57143
2020-04-12;Salamanca;298; 43; 607;252;2193; 78; 607;252;37274;40.833333,-6.0; 29,33644;1586;18000,00000
2020-04-12;Segovia;140; 21; 508;146;1845; 85; 508;146;40004;41.166667,-4.0; 22,32416;1337;10428,57143
2020-04-12;Soria;101; 20; 237; 83; 990; 63; 237; 83;42173;41.666667,-2.666667; 25,93750; 753; 5928,57143
2020-04-12;Valladolid;317; 91; 833;204;2357;234; 833;204;47186;41.583333,-4.666667; 19,67213;1524;14571,42857
2020-04-12;Zamora; 78; 10; 155; 51; 414;  6; 155; 51;49275;41.75,-6.0; 24,75728; 259; 3642,85714
2020-04-13;Ávila;128; 12; 354; 96; 952; 35; 354; 96; 5019;40.616092,-4.929031; 21,33333; 598; 6857,14286
2020-04-13;Burgos;183; 47; 517;141;1232; 25; 517;141; 9059;42.383333,-3.666667; 21,42857; 715;10071,42857
2020-04-13;León;258; 46; 811;255;1679;104; 811;255;24089;42.666667,-6.0; 23,92120; 868;18214,28571
2020-04-13;Palencia; 98; 21; 177; 50; 636; 16; 177; 50;34120;42.432128,-4.520647; 22,02643; 459; 3571,42857
2020-04-13;Salamanca;289; 44; 627;258;2257; 64; 627;258;37274;40.833333,-6.0; 29,15254;1630;18428,57143
2020-04-13;Segovia;150; 20; 530;151;1913; 68; 530;151;40004;41.166667,-4.0; 22,17327;1383;10785,71429
2020-04-13;Soria; 99; 20; 242; 85;1013; 23; 242; 85;42173;41.666667,-2.666667; 25,99388; 771; 6071,42857
2020-04-13;Valladolid;321; 86; 846;210;2492;135; 846;210;47186;41.583333,-4.666667; 19,88636;1646;15000,00000
2020-04-13;Zamora; 75; 12; 162; 53; 454; 40; 162; 53;49275;41.75,-6.0; 24,65116; 292; 3785,71429
2020-04-14;Ávila;111; 12; 378;100; 966; 14; 378;100; 5019;40.616092,-4.929031; 20,92050; 588; 7142,85714
2020-04-14;Burgos;172; 46; 548;148;1257; 25; 548;148; 9059;42.383333,-3.666667; 21,26437; 709;10571,42857
2020-04-14;León;247; 46; 854;264;1865;186; 854;264;24089;42.666667,-6.0; 23,61360;1011;18857,14286
2020-04-14;Palencia; 84; 22; 192; 52; 645;  9; 192; 52;34120;42.432128,-4.520647; 21,31148; 453; 3714,28571
2020-04-14;Salamanca;276; 44; 658;261;2269; 12; 658;261;37274;40.833333,-6.0; 28,40044;1611;18642,85714
2020-04-14;Segovia;139; 21; 563;155;1994; 81; 563;155;40004;41.166667,-4.0; 21,58774;1431;11071,42857
2020-04-14;Soria; 90; 18; 257; 87;1053; 40; 257; 87;42173;41.666667,-2.666667; 25,29070; 796; 6214,28571
2020-04-14;Valladolid;291; 85; 896;216;2672;180; 896;216;47186;41.583333,-4.666667; 19,42446;1776;15428,57143
2020-04-14;Zamora; 71; 10; 175; 54; 459;  5; 175; 54;49275;41.75,-6.0; 23,58079; 284; 3857,14286
2020-04-15;Ávila;100; 12; 402;104; 987; 21; 402;104; 5019;40.616092,-4.929031; 20,55336; 585; 7428,57143
2020-04-15;Burgos;167; 46; 564;149;1320; 63; 564;149; 9059;42.383333,-3.666667; 20,89762; 756;10642,85714
2020-04-15;León;234; 44; 906;273;1935; 70; 906;273;24089;42.666667,-6.0; 23,15522;1029;19500,00000
2020-04-15;Palencia; 84; 23; 195; 53; 648;  3; 195; 53;34120;42.432128,-4.520647; 21,37097; 453; 3785,71429
2020-04-15;Salamanca;262; 44; 686;267;2291; 22; 686;267;37274;40.833333,-6.0; 28,01679;1605;19071,42857
2020-04-15;Segovia;133; 20; 582;158;2103;109; 582;158;40004;41.166667,-4.0; 21,35135;1521;11285,71429
2020-04-15;Soria; 91; 18; 265; 90;1095; 42; 265; 90;42173;41.666667,-2.666667; 25,35211; 830; 6428,57143
2020-04-15;Valladolid;256; 87; 943;223;2836;164; 943;223;47186;41.583333,-4.666667; 19,12521;1893;15928,57143
2020-04-15;Zamora; 77; 13; 182; 55; 482; 23; 182; 55;49275;41.75,-6.0; 23,20675; 300; 3928,57143
2020-04-16;Ávila; 94; 11; 417;107;1023; 36; 417;107; 5019;40.616092,-4.929031; 20,41985; 606; 7642,85714
2020-04-16;Burgos;164; 43; 583;152;1406; 86; 583;152; 9059;42.383333,-3.666667; 20,68027; 823;10857,14286
2020-04-16;León;184; 40; 957;283;2119;184; 957;283;24089;42.666667,-6.0; 22,82258;1162;20214,28571
2020-04-16;Palencia; 78; 22; 201; 54; 654;  6; 201; 54;34120;42.432128,-4.520647; 21,17647; 453; 3857,14286
2020-04-16;Salamanca;260; 44; 709;269;2379; 88; 709;269;37274;40.833333,-6.0; 27,50511;1670;19214,28571
2020-04-16;Segovia;132; 21; 599;159;2191; 88; 599;159;40004;41.166667,-4.0; 20,97625;1592;11357,14286
2020-04-16;Soria; 80; 18; 278; 91;1132; 37; 278; 91;42173;41.666667,-2.666667; 24,66125; 854; 6500,00000
2020-04-16;Valladolid;227; 85; 989;229;2946;110; 989;229;47186;41.583333,-4.666667; 18,80131;1957;16357,14286
2020-04-16;Zamora; 78; 13; 191; 57; 530; 48; 191; 57;49275;41.75,-6.0; 22,98387; 339; 4071,42857
2020-04-17;Ávila; 93;  9; 437;107;1075; 52; 437;107; 5019;40.616092,-4.929031; 19,66912; 638; 7642,85714
2020-04-17;Burgos;160; 39; 606;159;1450; 44; 606;159; 9059;42.383333,-3.666667; 20,78431; 844;11357,14286
2020-04-17;León;174; 40; 998;287;2212; 93; 998;287;24089;42.666667,-6.0; 22,33463;1214;20500,00000
2020-04-17;Palencia; 69; 22; 206; 54; 659;  5; 206; 54;34120;42.432128,-4.520647; 20,76923; 453; 3857,14286
2020-04-17;Salamanca;257; 44; 733;273;2437; 58; 733;273;37274;40.833333,-6.0; 27,13718;1704;19500,00000
2020-04-17;Segovia;118; 19; 622;161;2252; 61; 622;161;40004;41.166667,-4.0; 20,56194;1630;11500,00000
2020-04-17;Soria; 76; 17; 285; 92;1179; 47; 285; 92;42173;41.666667,-2.666667; 24,40318; 894; 6571,42857
2020-04-17;Valladolid;207; 86;1019;235;3067;121;1019;235;47186;41.583333,-4.666667; 18,74003;2048;16785,71429
2020-04-17;Zamora; 79; 12; 197; 61; 572; 42; 197; 61;49275;41.75,-6.0; 23,64341; 375; 4357,14286
